clave_id_norm,nombre_id
2429,1
2429,2
6118,3
2429,4
7179,5
7179,6
7179,7
3082,8
7179,9
2429,10
2429,11
7179,12
5163,13
2429,14
7179,15
3082,16
5405,4
7366,13
1273,9
1273,6
1273,5
1273,7
4468,8
4468,16
1273,12
6204,3
5405,10
5405,14
1273,15
5405,1
5405,11
5405,2
3972,16
3972,8
8503,10
8503,4
8503,1
2345,9
2345,6
8503,14
2345,7
2345,15
3454,13
8503,11
2345,5
2345,12
3754,3
8503,2
7458,11
8507,5
3062,16
8507,9
8507,12
8507,6
2506,13
8507,15
7458,1
7458,4
8507,7
7458,2
7458,14
3782,3
7458,10
3062,8
7755,9
4253,13
7755,5
9795,12
4253,4
7755,3
4253,16
9795,8
7004,1
9795,7
4253,10
7755,15
4253,11
4253,2
7004,14
7755,6
9983,16
8397,14
7334,6
4912,7
9983,2
9983,13
7334,5
7334,9
9983,10
4912,12
9983,4
4912,8
7334,3
7334,15
8397,1
9983,11
4166,14
4530,4
2996,13
4530,1
4530,10
4530,11
2996,6
2996,16
2996,7
8729,15
4530,2
2996,12
8729,3
2996,8
4530,9
8729,5
3106,16
8049,9
8049,10
3106,8
3106,7
3106,12
3106,6
3106,13
2502,15
8049,1
2502,3
2502,5
8049,2
4628,14
8049,11
8049,4
2084,16
6007,6
2084,12
2084,7
2084,5
6007,4
2084,9
2084,10
6007,2
6007,8
248,15
6007,13
2084,3
2084,1
2084,11
248,14
7728,2
7728,3
7728,11
8380,1
8380,7
7728,13
8380,6
7728,15
7728,16
7728,4
7728,5
7728,8
7728,10
7728,12
3523,10
8623,1
3523,3
3523,8
3523,5
3523,15
3523,16
3523,11
3523,2
8623,7
3523,4
8623,6
3523,13
3523,12
1498,3
5851,7
1498,5
1498,12
5851,16
1498,6
1498,2
1498,1
5851,11
5851,10
5851,4
5851,15
1498,13
1498,8
5851,9
5851,14
7438,3
7438,8
7438,13
7438,5
7438,1
7595,10
7595,16
7438,6
7595,15
7595,9
7595,7
7438,2
7595,14
7438,12
7595,4
7595,11
1969,10
6944,9
9317,7
1969,2
6944,1
6944,15
6944,14
6944,4
6944,11
6944,5
6944,13
6944,8
6944,16
6944,6
6944,3
6944,12
7510,7
2854,16
2854,1
9272,10
2854,6
2854,3
2854,8
2854,13
2854,9
2854,14
2854,4
2854,12
9272,2
2854,5
2854,15
2854,11
9030,6
9030,13
9030,8
9030,4
130,16
9030,9
130,7
9030,15
9030,5
4002,2
9030,1
4002,10
9030,12
130,3
9030,14
130,11
9326,7
3084,9
4728,10
3084,4
9326,3
3084,5
3084,13
4728,2
3084,12
9326,16
3084,1
3084,6
3084,14
3084,8
3084,15
9326,11
6468,10
6468,11
9821,1
9821,8
9821,12
9821,7
8239,14
3945,3
9821,16
3945,9
9821,15
3945,5
6468,4
9821,6
8239,2
8239,13
3693,11
5567,7
5567,16
5547,2
5547,14
5567,1
5567,8
5567,12
5547,13
5567,6
5567,15
9938,5
3693,10
9938,9
9938,3
3693,4
120,7
7578,13
7578,16
120,11
120,10
7578,12
7578,6
7578,15
120,1
7578,3
7578,9
120,4
120,8
1398,14
120,2
7578,5
2359,1
2359,11
6609,14
2065,6
2359,7
2359,2
2359,4
2359,10
2065,15
2065,13
2065,16
2359,8
2065,12
2065,9
2065,5
2065,3
9728,12
6224,2
9728,16
6224,10
9728,13
6224,11
6224,14
6224,1
9728,15
9728,3
6224,8
9728,4
6224,9
9728,5
6224,7
6224,6
8923,13
8405,9
8405,7
8405,1
8923,4
8405,8
8923,3
8405,10
8405,6
8923,16
8923,12
8405,14
8405,2
8923,15
8923,5
8405,11
2322,15
2322,6
2322,14
4955,9
2322,12
709,4
2322,5
2322,2
709,16
2322,1
4955,11
2322,7
2322,13
2322,8
2322,10
2322,3
9133,10
9133,13
7713,4
9133,16
9133,5
1099,9
9133,8
9133,15
1099,1
9133,11
1099,6
9133,7
1099,2
1099,3
9133,12
6350,7
6350,13
5563,1
6350,11
5563,3
6350,8
5563,2
6350,12
6350,5
6350,10
6350,15
6350,16
5563,6
8881,4
5563,9
68,3
68,10
68,6
68,9
68,14
6737,1
4533,8
68,13
68,5
6737,16
68,15
6737,2
68,11
6737,4
68,12
4533,7
411,11
411,14
1191,1
1191,4
4564,7
411,6
411,15
1191,16
411,10
1191,2
411,3
4564,8
411,13
411,5
411,9
411,12
7899,15
7899,7
8196,2
8196,4
8196,3
8196,16
8196,8
8196,5
7899,14
8196,1
8196,10
8196,12
7899,11
7899,6
7899,9
8196,13
6716,9
3530,13
3530,12
6716,6
6716,15
6716,11
3530,3
6716,14
6716,7
3530,10
3530,5
3530,8
3530,2
3530,1
3530,16
3530,4
7455,16
7401,12
7401,13
7401,3
7455,1
7401,6
7455,2
7455,5
7455,14
7401,9
7455,8
7401,7
8330,15
7455,4
7455,10
7401,11
3672,11
3489,2
3489,10
3672,6
3489,14
3672,13
3489,1
3489,5
3672,12
3672,9
3489,8
3672,7
3672,3
3489,16
6591,15
3489,4
5984,11
5984,2
5984,3
5984,5
5984,4
5984,1
5984,14
5984,10
9178,1
9178,2
9178,10
9178,7
9178,13
9178,15
9178,9
9178,6
9178,16
9178,12
9178,4
9178,5
9178,14
9178,8
9178,11
9178,3
8489,12
8489,14
8489,15
8489,2
8489,11
3391,16
8489,10
3391,8
3391,9
8489,4
8489,1
3391,6
4616,7
3349,3
8489,13
3349,5
641,13
641,2
132,16
132,6
7074,3
7074,5
641,11
641,12
641,15
641,1
641,10
641,4
132,8
132,9
641,14
4612,7
6686,11
701,6
6686,1
701,15
701,16
701,9
6686,13
701,12
6686,14
6129,7
6686,2
516,5
701,8
516,3
6686,10
6686,4
7452,14
7452,1
7452,4
4937,5
7452,13
7452,10
7612,6
7452,11
7612,9
7612,12
7612,8
7612,16
8289,7
4937,3
7452,2
7612,15
2584,2
2584,7
2279,15
2584,4
2584,10
2058,5
2584,6
2584,9
2279,13
2279,8
2584,11
2058,3
2584,1
2279,12
2279,16
2584,14
2369,9
2369,2
2369,6
2369,10
2369,14
4125,15
2369,1
2369,4
2369,7
2369,11
4125,16
4125,12
4125,8
1226,3
1226,5
4125,13
5021,3
5021,16
5053,2
5021,8
5021,13
4773,6
1227,14
4773,11
1227,9
5021,5
4773,10
5053,4
5021,15
4773,12
5053,1
4773,7
1215,4
5642,1
5642,14
5642,5
5642,8
5642,10
1215,3
1215,2
2675,6
1215,12
5642,16
1215,15
5642,9
1215,13
1215,11
1215,7
9478,11
8178,6
9478,4
2922,10
2922,1
9478,2
2922,5
9478,3
2922,8
9478,12
2922,14
9478,15
2922,9
9478,13
9478,7
2922,16
7290,8
7290,12
1279,10
5051,6
1279,7
7290,3
5051,2
5051,4
1279,5
7290,1
7290,15
7290,9
1279,16
7290,13
1279,11
1279,14
9195,13
9195,8
3485,7
3485,5
5609,4
9195,12
9195,15
5609,2
9195,1
3485,16
9195,9
3485,11
5609,6
3485,10
3485,14
9195,3
9585,6
8220,7
3425,4
3425,2
3425,16
9585,15
3425,3
9585,1
9585,11
9585,13
9585,5
9585,10
9585,8
9585,9
3425,12
9585,14
9384,7
3340,2
5831,10
5831,9
5831,15
3340,12
5831,6
5831,1
5831,11
5831,13
3340,3
5831,8
3340,16
5831,5
3340,4
5831,14
1810,4
791,2
791,8
791,6
791,14
2731,11
791,15
791,16
791,9
2731,5
1810,10
791,12
2731,7
1810,3
791,1
791,13
9243,7
9962,8
9962,2
5777,10
5777,4
5777,3
9962,14
9962,9
9962,16
9962,15
9962,1
9962,6
9962,13
9962,12
9243,5
9243,11
775,10
775,15
775,7
775,8
775,5
775,2
775,1
775,11
775,6
775,3
775,14
775,4
775,16
775,12
775,13
775,9
4596,3
4596,7
4596,11
4596,8
4596,10
4596,9
4596,12
4596,2
4596,14
4596,4
4596,13
4596,15
4596,5
4596,1
4596,6
4596,16
8316,4
9581,2
1497,13
9581,1
1497,8
1497,11
9581,14
8316,6
8316,9
9931,3
1497,15
9931,5
9581,7
1497,12
8316,16
1497,10
8841,1
8841,14
3994,8
6862,3
6862,5
8841,7
3994,12
3994,13
1357,9
3994,11
8841,2
1357,6
1357,4
3994,10
1357,16
3994,15
5576,16
5576,15
9197,1
5576,12
9197,7
5576,3
5576,6
9382,11
9382,13
5576,5
9382,14
9382,10
9382,8
5576,4
5576,9
9197,2
8451,7
2367,6
4791,10
2367,4
2367,5
2367,9
4791,11
2367,15
8451,2
2367,16
4791,8
4791,13
2367,12
8451,1
2367,3
4791,14
5645,5
9126,11
9126,15
178,7
178,9
3394,14
9126,16
9126,8
9126,12
3394,2
9126,4
9126,10
3394,13
3394,6
5645,3
3394,1
5044,11
9687,2
1633,3
5044,15
5044,16
5044,4
5044,10
9687,14
8417,9
5044,8
5044,12
8417,7
9687,1
1633,5
9687,6
9687,13
9626,4
9626,10
395,7
3182,8
9626,11
7108,9
395,1
395,12
395,2
9626,3
9626,13
9626,16
9626,5
3182,15
395,6
7108,14
2423,1
6610,12
9203,16
2423,13
2423,6
9203,7
2423,15
9203,5
6610,8
9203,14
9203,11
6610,2
2423,3
9203,10
6610,4
5599,6
5599,3
7216,4
5599,1
5599,15
1523,10
1523,5
7216,8
5599,13
1523,16
1523,11
7216,12
1523,7
7216,2
1523,14
968,6
4253,9
968,16
3324,2
968,13
3324,4
3324,3
968,10
968,8
4253,11
968,1
968,5
4253,7
968,15
3324,12
968,14
9159,12
1351,5
1351,14
2921,9
9159,4
1351,1
9159,2
9159,3
1351,13
1351,10
1351,16
1351,8
1351,15
2921,7
1351,6
2921,11
7273,14
7523,11
7273,8
4863,16
7273,15
4863,1
4863,4
7273,3
4863,2
7273,12
7273,13
7273,9
7273,6
7273,10
7273,7
7273,5
2872,10
2872,6
2872,5
2872,14
9155,11
2872,7
2872,3
3628,2
3628,1
2872,12
2872,9
3628,4
2872,8
2872,13
2872,15
3628,16
3914,6
3914,13
2829,15
3914,9
2829,5
2829,11
3914,4
4263,10
3914,16
3914,7
4263,12
4263,8
3914,2
4263,1
2829,14
3914,3
7856,3
4968,10
7856,7
3277,5
7856,9
4968,12
4968,1
4968,8
3277,15
3277,14
3277,11
7856,2
7856,13
7856,6
7856,4
7856,16
8587,1
8587,13
8587,12
8587,15
8587,16
8587,5
8587,2
8587,8
8587,6
8587,7
8587,14
8587,4
8587,3
8587,10
8587,9
8587,11
8581,2
8581,14
8581,12
8581,16
8581,11
8581,13
8581,7
8581,10
8581,4
8581,6
8581,8
8581,9
8581,3
8581,5
8581,1
8581,15
9461,4
9461,6
4572,5
9461,9
9461,7
9461,2
3663,16
9461,11
4572,3
6867,13
9461,10
9461,1
6867,14
9461,8
9461,12
9461,15
2751,12
2751,10
6747,16
1965,13
2076,5
2751,8
2751,15
2751,1
2751,9
2751,6
2751,7
2751,11
2076,3
1965,14
2751,2
2751,4
3004,7
3004,13
659,10
244,3
659,5
659,15
244,16
659,4
659,11
3004,14
659,12
659,8
659,1
659,2
659,6
3496,9
8165,5
7229,3
8165,6
8165,11
8165,1
853,13
7113,9
8165,2
8165,15
853,14
853,7
8165,4
8165,12
8165,10
8165,8
7229,16
1243,1
9272,8
1243,5
1243,7
9272,4
1243,12
1243,10
9272,3
9272,16
1243,13
1279,6
1279,9
1243,11
1243,14
1279,15
1243,2
5078,8
5078,5
1425,14
2127,2
1425,6
5078,16
2127,4
2127,3
5078,15
1425,1
5078,7
1425,12
1425,13
5078,11
1425,10
8279,15
8279,7
8279,16
8279,11
5785,10
8279,5
1370,3
5785,13
1370,4
5785,14
5785,6
8279,8
5785,1
1370,2
5785,12
7158,12
7158,15
7158,6
2000,2
7158,1
7158,14
7158,10
7158,11
8792,9
2000,3
7158,8
7158,13
2000,4
7158,16
7158,7
7158,5
7545,6
1913,3
7545,15
7545,5
1913,2
7545,1
7545,11
7545,7
7545,12
7545,10
3340,9
7545,14
1913,4
7545,16
7545,13
7545,8
5891,1
5891,3
8132,12
8132,11
5891,4
8132,9
5891,2
3515,7
5891,16
5891,13
5891,10
8132,6
8132,15
8132,5
8132,8
8132,14
2218,12
6719,1
2218,15
2218,11
6719,4
2218,6
6719,3
6719,13
2218,8
528,7
2218,14
6719,16
2218,5
6719,2
6719,10
2218,9
2895,7
1674,9
2895,3
2895,16
1674,1
2895,8
1674,13
1674,6
6656,15
6656,5
1674,2
2895,14
2895,11
1674,10
2895,12
1674,4
4857,8
6006,9
4857,3
6006,2
4857,12
7583,15
6006,10
6006,13
7583,5
6006,1
4857,14
4857,11
6006,4
6006,6
4857,16
4857,7
9135,5
4784,3
4784,16
4784,7
4784,12
4784,8
4784,9
4784,4
9135,6
4784,2
4784,15
1134,15
1134,11
1134,8
7365,4
7365,7
1134,16
1134,6
1134,3
7365,9
1134,12
1134,5
7365,2
1134,10
3417,5
3417,16
3417,12
7833,2
3417,15
7833,6
3417,8
3417,11
7833,7
3417,10
7833,9
7833,4
3417,3
2856,10
2856,5
7915,16
7915,11
6421,13
7915,7
6421,4
7915,8
2856,3
2856,15
6421,2
7915,6
7915,12
3521,11
3521,12
3521,6
334,5
3521,8
3667,2
334,15
3667,13
3521,16
3667,4
334,3
3521,7
334,10
1126,5
8605,2
8605,4
1126,12
1126,13
1126,3
1126,1
1411,10
8605,7
1126,8
1411,15
1126,11
8605,6
1126,16
7912,12
1496,6
4584,15
7912,3
7912,13
1496,7
7912,1
7912,8
7912,5
7912,11
7912,16
1496,2
4584,10
1496,4
311,11
1401,6
311,16
1401,15
311,8
1401,14
311,13
311,10
1401,3
311,12
1401,1
1401,2
1401,7
1401,4
3917,11
3917,6
9273,14
9273,10
3670,5
9273,16
3917,7
3917,2
9273,9
9273,15
3670,4
9273,13
3670,3
9273,12
9273,8
3917,1
4211,14
7646,1
7646,7
4211,15
4211,10
5699,4
7646,6
5699,3
4211,16
4211,12
7646,2
4211,13
7646,11
4211,9
5699,5
4211,8
1300,7
3355,8
3355,4
3355,5
1300,10
1300,14
3355,2
3355,16
1300,11
4610,1
4610,13
3355,15
1300,6
4610,12
9111,9
3355,3
6460,3
6460,16
827,14
827,7
6460,8
6460,15
4217,12
6460,2
6460,4
827,6
8642,9
4217,13
827,10
4217,1
6460,5
827,11
21,6
21,16
8722,9
21,12
21,2
8722,11
21,13
21,15
21,3
21,1
21,5
8722,10
438,14
21,4
8722,7
21,8
3583,8
3583,4
3583,3
9834,9
3583,2
9834,10
3583,12
3583,16
2441,14
3583,6
3583,13
3583,15
3583,5
3583,1
9834,7
9834,11
9386,6
9386,16
7969,7
9386,15
9386,10
9386,13
9386,12
9386,1
9386,5
9386,9
6934,14
9386,11
9386,8
9386,4
9386,2
9386,3
9331,12
9331,9
9331,2
9331,11
9331,15
9331,10
9331,13
9806,14
9331,4
238,7
9331,5
9331,16
9331,8
9331,3
9331,1
9331,6
3662,5
3662,3
3662,12
3662,16
3662,6
737,9
737,7
3434,13
7903,9
3434,12
7903,3
3434,4
7903,7
3434,2
7903,6
7903,5
7903,10
3434,15
7903,16
3434,8
9045,8
9045,12
4508,9
4508,10
4508,6
4508,3
4508,16
9045,15
4508,5
9045,2
4508,7
9045,13
9045,4
2949,10
7546,12
7546,15
6201,2
7546,13
7546,1
2949,3
6201,14
2949,6
6201,7
2949,5
7546,9
7546,16
7546,8
7546,11
9379,8
8308,2
9379,13
9158,10
9379,15
9158,3
9379,1
9379,12
8308,14
9379,9
9158,6
8308,7
9158,5
9379,11
9379,16
7467,13
7467,7
7467,11
3923,9
7467,5
2794,6
3923,3
2794,2
2794,4
7467,12
7467,16
2794,1
7467,14
3923,10
7467,8
3923,15
382,13
6947,9
7349,6
382,8
382,7
382,12
7349,4
382,14
6947,10
6947,15
6947,3
382,5
7349,2
7349,1
382,16
382,11
3987,16
3987,10
3369,12
3987,11
3369,2
3369,5
3369,7
3369,14
3987,15
3369,4
3369,1
3987,3
3369,6
3987,13
3369,9
3987,8
1971,11
1971,10
5196,13
3151,9
5196,15
5196,6
1971,8
4076,3
5196,2
3151,14
5196,12
1971,7
4076,5
5196,1
1971,16
5196,4
7457,13
8283,3
7473,10
7457,4
7473,7
7457,12
8152,14
7473,16
7473,8
7457,6
7457,15
7457,2
7457,1
8283,5
8152,9
7473,11
4906,13
4906,8
4906,12
7066,6
4906,16
4906,2
1893,14
7066,11
4906,15
7066,4
7066,7
4906,9
4906,5
4906,3
4906,1
7066,10
4707,16
5058,14
4707,1
4707,9
4707,8
1629,11
4707,13
4707,15
1629,10
4707,5
4707,3
4707,12
1629,4
4707,2
1629,7
1629,6
3976,6
934,14
3976,15
3976,12
3976,10
3976,9
3976,8
934,7
934,4
3976,5
3976,1
3976,2
3976,3
3976,13
3976,11
3976,16
4827,3
4827,5
4827,6
4827,12
4827,8
4827,13
4827,16
4827,10
4827,2
4827,1
4827,11
4827,9
9306,4
9306,14
4827,15
9306,7
461,15
5939,3
5939,1
5939,12
5939,7
5939,10
5939,2
5939,16
9973,14
5939,8
5939,9
5939,6
5939,11
5939,4
5939,5
5939,13
556,10
556,12
556,11
556,16
556,4
8940,15
556,6
556,1
556,5
556,13
556,3
556,2
556,8
556,9
556,7
4932,14
2572,9
1352,11
4959,6
2572,12
4959,8
4959,7
4959,1
2572,2
1352,5
1352,3
4959,13
1352,10
2572,15
5783,14
1352,16
4959,4
1234,15
1234,8
1234,3
1234,5
1234,9
1234,16
1234,4
1234,6
8691,3
3658,5
1079,2
1079,11
1079,4
1079,8
1079,9
3658,6
3658,12
3658,10
3658,16
3658,15
6911,3
1092,11
1092,8
6152,16
6152,6
1092,4
6152,5
1092,2
6152,10
1092,9
6152,12
6152,15
812,6
241,8
241,16
241,12
241,5
5456,14
5456,2
812,10
241,11
5456,13
5456,4
5456,1
812,3
5456,7
812,15
1098,13
5054,15
5054,6
1098,2
1098,14
601,12
601,5
1098,4
1098,1
601,8
1098,7
5054,3
5054,10
601,16
601,11
3196,6
1080,8
1080,2
1080,7
1080,12
1080,5
1080,15
1080,11
3196,1
1080,10
1991,3
1991,9
1080,4
1080,14
1080,13
1080,16
7633,4
7633,15
7633,7
7633,11
7633,5
3714,6
7633,12
7633,10
5196,3
7633,14
7633,13
5196,9
7633,16
3714,1
7633,2
7633,8
7647,11
3029,6
3029,5
3029,2
3029,7
7647,8
7647,3
3029,15
7647,12
7647,16
7647,4
3029,14
3029,9
7647,13
3029,1
3029,10
7051,2
1071,8
7051,16
3470,14
7051,12
7051,4
7051,3
1071,13
1071,15
7051,1
1071,11
7051,6
3470,7
7051,5
1071,10
3470,9
8755,4
3210,13
4149,14
8755,6
8755,5
4149,9
3210,11
8755,12
8755,1
4149,7
3210,15
8755,3
8755,2
3210,10
8755,16
3210,8
4273,16
4273,8
2222,5
2222,3
4273,14
2222,1
4273,6
4273,13
4273,4
1366,7
4273,10
2222,2
1366,15
5287,9
4273,11
2222,12
765,4
2429,12
2429,5
9799,7
2429,1
2429,2
9799,15
765,6
765,13
765,16
765,8
765,11
765,14
2429,3
2857,9
765,10
2040,11
3059,14
3059,9
2040,12
2040,16
2040,6
2040,4
3059,15
2040,13
2040,3
2040,10
2040,5
2040,2
2040,8
2040,1
5017,7
5406,12
5406,5
5406,8
5406,13
1224,9
4231,7
1224,15
5406,6
5406,3
1224,14
5406,10
5406,11
5406,2
5406,1
5406,16
5406,4
5020,15
6798,16
6798,12
5020,6
5020,7
6798,3
7154,14
6798,2
6798,1
6798,8
6798,10
6798,11
5220,9
6798,4
6798,5
6798,13
1589,16
1964,9
6768,7
1589,8
1589,11
6768,15
1589,3
1589,4
6768,6
1589,5
1589,10
1589,12
1589,2
1589,1
435,14
1589,13
3481,16
3481,8
3481,6
3481,11
3481,12
3481,4
3481,5
3481,3
3481,9
1925,16
1925,3
1925,6
1925,15
1925,5
1925,8
1925,12
1925,10
7653,9
7653,4
7653,1
7653,11
3431,16
2728,11
2728,1
2728,4
3431,15
3431,5
3431,12
2728,9
3431,6
3431,8
3431,10
3431,3
6812,6
6812,16
6812,9
6812,8
1232,7
2375,3
6812,5
1232,1
1232,4
6812,12
2375,15
1232,2
6812,14
1232,13
2375,10
6812,11
1951,13
8830,6
8830,14
4229,3
8830,9
1951,1
4229,15
4229,10
8830,16
1951,4
1951,7
1951,2
8830,11
8830,8
8830,5
8830,12
541,2
4882,9
4882,8
541,6
541,7
1170,3
1170,5
4882,10
4882,12
4882,16
541,1
4882,11
4882,14
4882,13
1170,15
541,4
6800,12
8544,2
8544,1
6800,13
6800,14
6800,9
2372,5
6800,11
8544,4
8544,7
8544,6
6800,8
2372,3
6800,10
2372,15
6800,16
5156,14
5156,1
2356,8
2356,15
5156,7
5156,9
2356,4
5156,10
5156,5
1995,12
5156,11
2356,16
5156,2
2356,3
2356,13
5156,6
2812,11
1775,9
9805,6
9805,3
1137,4
9805,15
1775,14
2812,10
9805,5
9805,2
9805,12
1775,7
9805,1
2812,16
2812,13
1775,8
3433,10
8728,2
8082,14
8082,9
8728,3
3433,13
8728,6
8082,7
8728,15
9747,4
8082,8
8728,12
3433,11
8728,5
8728,1
3433,16
1882,11
1882,15
1882,3
7505,8
1882,5
7505,7
7505,16
7505,12
7505,2
1882,10
5572,4
7505,1
7505,6
7505,13
1830,14
2245,9
3137,5
879,1
879,12
3137,11
879,16
1368,9
879,2
7078,14
8200,4
879,6
3137,15
879,8
3137,3
879,7
3137,10
879,13
1504,13
1504,16
1504,3
1504,10
1504,2
1504,6
1504,8
833,14
5829,9
1504,5
1504,7
5208,4
1504,11
5829,15
1504,12
1504,1
4613,1
4613,7
6117,9
1937,4
4613,10
4613,16
4613,5
4613,3
6117,15
4613,12
4613,2
4613,6
4613,8
4613,13
4613,11
3367,14
414,3
414,8
0,13
0,15
414,16
0,12
414,10
0,11
0,14
414,2
414,1
0,9
414,5
414,6
0,7
414,4
7588,16
2564,9
7588,10
2564,13
7588,6
7588,3
7588,4
2564,12
2564,7
2564,15
7588,5
7588,2
2564,11
7588,1
2564,14
7588,8
3256,4
3256,16
3256,8
3256,5
5042,12
5042,6
3319,3
5042,5
5042,15
3319,16
5042,8
5042,7
3319,10
5042,9
5042,11
5042,4
8210,3
6042,5
6042,15
6042,6
6042,4
6042,12
8210,10
8210,16
6042,9
6042,11
6042,7
6042,8
878,16
878,5
878,12
1076,10
9348,7
878,11
878,2
878,8
878,3
9348,14
878,4
878,1
878,6
878,15
878,13
395,13
395,6
395,3
395,1
6248,14
395,16
395,15
5046,10
6248,7
395,8
395,5
395,12
395,11
395,4
395,2
2596,13
2596,16
8573,11
3490,6
2596,1
3490,4
2596,2
2596,8
3490,12
3490,14
2596,10
3490,3
3490,15
3490,5
6926,14
1065,8
6926,3
1065,2
1065,10
5469,11
6926,6
1065,13
6926,15
6926,5
6926,4
6926,12
1065,1
1065,16
7237,6
7237,4
7237,2
7237,12
7237,11
7237,8
7237,9
7237,1
7237,3
4317,1
6300,14
5832,7
4317,10
4317,3
6300,13
4317,11
5832,15
5832,8
6300,9
5832,4
4317,2
6300,5
5832,6
5832,12
5832,16
5571,8
9424,14
5571,15
5571,6
283,2
5571,16
283,1
9424,5
283,3
5571,12
283,11
5571,4
283,10
9424,9
9424,13
5571,7
5527,12
5527,4
5527,8
3363,3
3363,1
5527,16
3363,6
3363,7
3363,2
3993,14
6153,10
3363,5
6153,13
6153,9
3363,15
6153,11
4140,16
4140,4
4123,15
2960,10
2960,9
7939,14
2960,13
4123,7
4123,5
2960,11
4123,1
4140,8
4123,2
4140,12
4123,3
4123,6
4517,5
5338,6
5338,4
1175,16
1175,8
5338,7
7577,13
4517,15
4517,14
2633,2
4517,1
4517,10
5338,12
4517,3
4517,11
4517,9
732,10
4671,16
732,9
732,3
732,14
732,11
1545,13
732,15
4671,8
768,12
768,6
768,7
732,5
732,1
93,2
768,4
2345,1
2345,5
2345,11
1042,16
1753,7
1753,4
1093,9
1753,12
2345,15
2345,3
1753,8
1042,13
1753,6
1093,2
2345,10
2345,14
7452,12
683,14
5179,16
683,15
7452,7
683,10
7452,4
7452,8
3661,9
7452,6
683,11
5179,13
683,3
683,5
3661,2
683,1
3286,5
3286,8
3286,16
3286,4
3286,3
3286,15
3286,7
3286,6
3286,9
3286,13
3286,2
3286,10
3286,11
3286,14
3286,1
3286,12
5639,12
5639,4
5639,16
5639,9
5639,7
5639,6
5639,5
5639,1
5639,14
5639,8
5639,15
5639,3
5639,2
5639,10
5639,13
5639,11
7309,2
9967,13
7309,8
6096,9
7309,14
7309,11
7309,4
7309,16
7309,7
7309,15
6096,3
7309,6
6096,5
7309,10
7309,1
7309,12
4202,11
4202,1
4202,4
7907,5
4202,14
4202,2
4202,15
7907,9
4202,16
4202,8
4202,7
4202,12
4202,10
7907,3
4202,6
252,13
6744,7
5922,8
5922,11
5922,16
5922,9
5922,12
5922,6
5922,3
5922,5
6744,1
9155,13
9155,14
5922,10
6744,4
6744,15
9155,2
3454,11
7084,15
7084,4
3454,10
7084,7
7084,1
3454,16
3454,8
3454,6
3454,5
7834,14
7834,2
3454,12
3454,3
7834,13
3454,9
5624,1
4588,9
4588,5
4588,4
5624,12
4588,10
4588,11
4588,16
9419,2
4588,8
4588,7
5624,13
5624,14
5624,6
4588,15
4588,3
1075,16
1075,10
7525,6
1075,11
7525,13
1075,15
1075,3
7525,1
1075,7
1075,5
1075,9
7525,12
7525,14
1075,4
8799,2
1075,8
5505,4
5852,13
5505,1
4115,12
9185,16
5852,8
4115,9
5852,11
4115,14
4115,15
5852,7
5505,5
5505,3
5505,2
5505,6
5505,10
3795,15
9505,3
3795,5
9505,12
9505,2
3795,16
9505,4
3795,11
3795,1
9505,7
9505,6
7166,16
142,7
142,12
7166,5
7166,11
142,4
7166,15
7166,1
142,3
142,6
142,2
1987,1
2975,7
2975,11
2631,15
2631,16
2631,12
2631,3
2975,14
2975,9
2631,5
2975,10
2631,2
2631,4
2631,13
2631,6
2631,8
3281,15
3281,13
5940,10
3281,3
3281,8
3281,16
3281,4
5940,9
3281,12
5940,7
3281,5
5940,14
5940,11
3281,6
7096,1
3281,2
9015,11
9069,3
9069,8
9069,7
9069,5
9069,6
9069,2
3171,1
9069,14
3171,4
3171,12
9069,10
3171,16
9069,13
9069,9
9069,15
7053,15
7172,16
7053,9
7172,1
7053,14
2857,11
7053,10
7172,4
7053,8
7053,13
7053,7
7172,12
7053,6
7053,3
7053,2
7053,5
1222,1
6736,15
1222,12
1222,3
1222,10
3943,11
3943,6
1222,5
3943,16
3943,9
3943,14
3943,8
6736,7
3943,4
3943,13
3943,2
261,1
5294,14
2034,7
5294,8
2034,15
5294,16
5294,9
5294,6
5294,2
5294,4
5294,13
261,10
5294,11
261,12
261,3
261,5
9198,7
8767,6
9198,14
8579,16
8579,8
9198,10
9198,1
8579,5
9198,2
8579,9
8767,15
8767,4
8579,3
9198,11
9198,13
8767,12
6137,8
465,10
465,14
465,11
465,1
8705,15
6137,5
465,2
465,13
8705,4
6137,16
6137,9
8705,12
465,7
6137,3
8705,6
1103,5
9197,12
2325,6
3626,7
2325,4
2325,10
1103,16
1103,3
9197,11
2325,8
2325,9
7830,16
8607,9
7830,3
7830,5
8607,8
6602,12
8607,10
8607,4
8607,6
6602,11
9215,10
9215,5
9215,4
5074,13
9215,12
299,3
9215,11
9215,7
5074,14
299,8
299,16
299,6
5074,1
9215,9
5074,2
8957,12
8957,5
6430,3
1692,14
8957,7
1692,1
8957,9
8957,10
6430,8
8957,11
8957,4
6430,16
1692,2
1692,13
8099,15
6430,6
4096,3
9017,1
6949,10
9017,14
9017,2
6949,7
4096,16
4096,8
6949,11
6949,12
6949,13
6949,4
4096,5
6949,9
6949,6
5684,9
4419,16
2715,2
5684,13
5684,6
5684,12
4419,3
5684,11
5684,10
5684,7
5684,4
4419,5
2715,14
2715,1
4419,8
787,10
787,5
1390,16
3913,4
1390,7
3913,8
3913,3
787,12
787,2
3913,9
787,1
3913,13
3913,11
3913,6
4537,8
4537,15
7486,12
5730,2
7486,11
7486,14
7486,1
4537,5
7486,3
7486,6
7486,13
4537,16
5730,4
7486,10
4537,7
816,16
2325,1
816,7
2325,13
2325,11
1911,2
2325,12
1911,4
816,5
2325,6
2325,10
2325,14
2325,3
816,15
816,8
3703,2
6260,5
3703,1
3703,4
3942,12
3942,9
3942,15
6260,14
6260,10
3942,8
6260,16
6260,3
6260,13
3942,7
6260,11
6260,6
5789,15
8688,10
1967,4
8688,16
5789,7
8688,12
8688,3
8688,13
8688,14
1967,2
5789,8
1967,1
5789,9
8688,6
8688,5
8688,11
5812,12
8792,6
5812,1
8792,16
8792,10
2526,7
8792,9
2526,11
8792,14
5812,13
5812,4
8792,5
8792,8
8792,3
8792,15
5812,2
773,2
773,4
7743,11
773,12
773,13
9200,9
773,1
9200,3
9200,10
9200,5
9200,14
9200,8
7743,7
9200,6
9200,15
9200,16
7567,16
7567,9
7567,14
7567,10
9750,6
7567,8
9750,1
9750,4
7567,3
7567,15
7567,11
7567,7
9750,2
7567,5
9750,12
9750,13
4436,8
4436,9
4436,15
4436,10
7986,4
7986,1
4436,3
7986,6
4436,5
7986,2
7986,13
7986,12
4436,16
4436,7
4436,11
4436,14
2268,3
4842,12
2268,4
4842,9
4842,10
4842,5
1947,16
4842,8
4842,7
2268,6
4842,11
7974,11
7974,7
8588,6
8588,3
960,16
7974,8
7974,12
7974,9
7974,10
8588,4
7974,5
4793,3
474,8
640,14
474,12
4793,6
474,7
4793,5
474,11
474,4
4793,10
4793,16
640,9
640,2
2773,6
6200,7
6215,2
2773,3
6200,11
6200,12
6215,14
6215,9
2773,5
6200,8
2773,16
2773,10
6200,4
7229,5
9668,13
9668,4
4922,1
7229,10
7229,8
9668,9
7229,3
4922,2
7229,16
7229,6
9668,12
7229,7
9668,14
9668,11
211,16
5293,11
8870,1
5293,4
211,5
7871,15
5293,12
211,6
211,8
5293,9
211,3
211,10
5293,13
211,7
8870,2
5293,14
2193,11
1820,9
2193,2
1820,3
1820,13
2983,16
1820,4
1820,7
2193,14
1820,5
1820,6
2193,12
2193,1
1820,8
1820,10
5502,15
5502,13
5502,11
5502,10
5502,16
5489,9
5489,5
5502,2
5489,7
5502,3
5502,1
5502,4
5502,8
5502,6
5489,14
6778,12
5626,2
8306,14
5626,4
5626,13
5626,15
5626,3
5626,1
5626,6
8306,9
457,12
5626,16
8306,7
8306,5
5626,8
5626,11
5626,10
8813,1
8813,9
8813,13
8813,11
792,3
792,12
8813,16
8813,8
8813,7
8813,4
8813,5
8813,14
792,2
8813,15
8813,6
8813,10
9341,14
9341,8
745,12
745,3
9341,16
9341,1
9341,15
9341,6
9341,9
9341,13
9341,11
9341,10
9341,7
9341,4
9341,5
745,2
3490,12
2686,14
3490,10
2686,16
2686,8
2686,11
2686,9
2686,7
3490,5
2686,15
2686,13
3490,2
2686,1
3490,4
3490,3
3490,6
8776,8
8776,9
8776,11
8776,1
8776,16
8776,13
8776,7
8776,15
2473,3
2473,4
2473,5
2473,6
8776,14
2473,10
2473,2
2473,12
2907,8
2907,12
2586,2
7512,9
2586,6
2907,3
2586,7
2586,11
2586,16
7512,13
2586,1
7512,14
2586,15
2907,10
2907,4
2586,5
9437,12
2724,15
2724,6
9437,4
2724,16
2724,1
2724,11
9437,8
9437,10
7705,13
7705,9
9437,3
2724,5
2724,2
2724,7
7705,14
3373,5
1645,8
1645,2
1645,12
2789,16
1645,7
2789,6
3373,3
1645,4
1645,9
1645,10
941,7
9710,3
941,8
9710,5
941,10
941,2
941,12
5319,6
941,4
941,9
5319,16
7958,15
5609,7
5609,6
6592,2
6726,11
6726,12
6726,9
6592,1
5609,10
5609,16
6726,5
6726,4
5609,3
6592,13
6726,8
4194,12
6221,13
1006,7
4194,8
4194,4
4194,11
4194,9
1006,16
6221,1
6221,2
1006,6
1006,10
4194,5
1006,3
6687,3
6687,4
6687,10
6687,6
6687,9
4993,1
6687,16
6687,11
6687,12
4218,15
6687,13
4993,2
6687,8
4993,14
6687,5
6687,7
5495,16
5495,7
8703,1
5495,8
5495,4
8703,14
5495,10
5495,6
5495,12
5495,3
5495,11
8703,2
5495,9
6629,15
5495,13
5495,5
8863,3
7837,9
4607,13
4607,5
4607,4
7837,11
7837,10
8863,2
8863,6
4607,12
2753,7
7837,14
7837,1
8863,16
8863,8
2626,15
7939,1
7939,16
2626,5
7865,4
7939,13
2626,8
7939,6
7939,7
7939,3
7939,10
2626,2
2626,11
7939,12
2124,10
1548,4
7692,11
2124,12
1548,3
2124,1
2124,2
2124,6
2124,13
7692,15
2124,16
2124,7
7692,5
7692,8
4531,12
4531,13
4531,9
4531,14
125,6
4531,8
4531,2
4531,7
4531,16
125,4
5236,11
5236,10
4531,5
5236,15
4531,1
125,3
7669,5
7669,12
7669,2
1990,3
1990,6
7669,13
2374,10
7669,14
7669,1
7669,9
7669,16
1990,4
2374,11
7669,7
7669,8
2374,15
415,11
415,8
970,16
415,9
415,1
415,14
415,10
415,2
415,13
970,3
415,7
415,15
415,5
970,12
970,6
970,4
6651,5
8923,16
6651,13
6651,7
6651,11
6651,8
8923,3
8923,12
6651,1
6651,14
6651,9
6651,2
6651,10
8923,4
8923,6
6651,15
9863,16
9863,3
786,6
786,1
9863,8
9863,12
5186,11
786,7
5186,13
786,9
786,15
786,2
786,10
786,4
786,5
5186,14
5076,13
1902,4
1902,7
1902,2
1902,15
1902,10
1902,6
1902,1
8131,3
8131,8
5076,14
8131,16
1902,9
5076,11
1902,5
8131,12
5177,5
5177,16
5177,12
5177,6
8147,3
8147,9
5177,2
5177,7
5177,15
5177,10
3805,10
3805,7
3805,16
3805,3
4235,4
3805,6
4235,8
3805,12
8201,9
3805,11
3805,5
4235,2
3805,15
8258,8
2473,11
2473,3
2473,12
8258,4
8258,2
2473,15
2473,16
2473,10
2473,6
2473,5
1812,9
2473,7
2531,2
2531,14
2531,4
8716,3
684,16
684,7
684,5
2531,1
8716,10
684,12
684,11
684,13
8716,9
684,6
684,8
8716,15
9800,7
9800,8
9800,13
4711,9
9800,11
9800,12
9800,6
2264,1
4711,15
4711,3
2264,14
4711,10
9800,5
2264,4
2264,2
9800,16
1718,15
7133,16
7133,13
1718,9
7133,12
7133,6
1718,7
7133,11
3923,2
7133,1
3923,4
7133,5
7133,14
1718,10
7133,8
1718,3
8351,14
6670,3
8351,11
8351,8
7821,2
8351,6
6670,15
8351,12
8351,1
8351,5
7821,4
8351,16
8351,13
6670,9
6670,7
6670,10
4386,10
3001,15
3001,14
4386,7
3001,6
4386,9
3001,11
4386,16
3001,4
3001,2
4386,5
4386,3
4386,12
4386,13
4386,8
3001,1
6480,7
4672,3
4672,11
6480,16
4672,4
4672,10
4672,8
6480,5
4672,1
4672,6
7024,13
7024,12
4672,2
3922,10
3922,11
6949,5
3922,8
3922,4
3922,1
3922,2
6949,7
3922,6
9044,12
9044,13
3922,3
6949,16
7798,3
8698,15
7798,5
9312,1
9312,8
7798,16
9312,13
7798,4
9312,12
7798,7
5202,2
8698,9
7798,14
7798,11
7798,10
7798,6
7607,1
4045,15
9825,14
9825,11
7607,8
7607,13
7607,12
9825,16
4045,9
9825,3
9825,5
9825,4
9825,7
8110,2
9825,6
9825,10
2926,15
1042,6
1042,8
4689,4
1042,7
1042,5
4525,3
1042,9
1042,15
1042,10
663,16
2784,6
3257,11
2784,5
2784,9
3257,4
3257,7
2784,16
2784,8
2784,15
9254,3
2784,12
2784,10
2260,12
2260,15
7191,11
7191,7
2260,16
2260,9
3450,3
2260,10
2260,8
2260,6
2260,5
7191,4
8485,13
819,12
8828,10
819,1
819,5
819,16
8485,2
819,11
8828,3
8828,15
819,7
8828,6
819,4
819,9
819,8
2800,4
2800,5
6737,16
8794,15
2800,11
8794,10
6737,13
6737,2
2800,1
8794,3
2800,9
8794,6
2800,7
2800,8
2800,12
1625,10
2039,13
2039,8
2039,7
1625,3
2039,12
1625,5
1318,6
2039,4
1318,2
2039,16
2039,11
2039,1
1625,15
2039,9
7839,6
7839,2
4747,12
7189,3
4747,9
4747,11
4747,16
4747,4
4747,13
4747,1
7189,5
4747,7
7189,15
7189,10
4747,8
5767,6
5767,2
5767,12
5767,11
5767,8
5767,13
5767,7
5767,9
5767,1
5767,5
9130,4
5767,16
5767,15
2027,10
5767,3
9202,16
5498,13
9202,9
5498,6
8674,1
8674,12
5498,4
5498,5
9202,7
9202,11
5498,8
5498,2
8674,3
5739,9
7366,5
5739,16
7366,2
7366,4
5525,12
5739,11
7366,6
5525,3
5525,1
7366,8
5739,7
7366,13
3963,4
2719,11
3963,5
6495,12
5674,9
2719,10
2719,7
3963,8
6495,1
3963,6
6495,13
6495,3
2719,16
5674,14
6495,2
2692,5
2692,4
2692,8
1664,3
7786,11
7786,16
972,14
1664,13
1664,12
1664,1
2692,6
7786,7
1664,2
7786,10
9138,4
9138,8
6491,10
9138,16
6491,15
9138,12
9138,3
6491,14
6491,11
1283,9
9138,6
3781,2
3781,1
9138,5
6491,7
8990,13
6021,8
2343,15
6021,12
6021,16
2343,7
3348,9
6021,5
2343,10
6021,3
596,2
6021,4
2343,11
596,1
6021,6
2343,14
2551,13
1333,2
5776,13
5776,4
5776,6
5776,3
5776,7
5776,16
5776,12
1333,1
5776,8
687,5
687,10
8670,16
8670,6
2428,10
8670,8
8670,7
332,1
2428,5
8670,4
8670,13
8670,12
332,2
8670,3
637,8
637,15
637,2
5271,12
637,5
9881,6
637,4
1190,16
1190,7
637,3
3608,16
3608,3
3608,5
3608,9
3608,8
3608,15
3608,2
3608,10
3608,6
7139,16
5758,2
7139,3
5758,4
5758,6
5758,8
7139,9
5758,11
5758,5
7139,10
7139,15
7914,3
7914,15
5736,11
5736,6
5736,8
7914,10
5736,2
5736,5
5736,4
7914,9
7914,16
1995,9
1995,6
1995,10
3446,16
3446,12
6090,14
3446,11
6090,7
3446,2
3446,8
3446,1
1995,3
3446,13
3446,15
3446,5
6090,4
6177,11
9892,4
6177,5
6177,15
6177,1
9892,14
5033,9
9892,7
5033,3
6177,2
5033,6
6177,8
6177,16
6177,12
5033,10
6177,13
210,14
210,9
210,12
210,7
210,3
210,8
210,6
210,13
210,15
210,10
9512,4
210,5
9512,1
210,16
210,2
210,11
9793,3
5859,1
5859,4
9793,8
9793,7
9793,5
9793,14
9793,13
9793,15
9793,16
9793,9
9793,10
9793,6
9793,2
9793,12
9793,11
2185,4
9856,12
2185,5
2185,15
2185,14
2185,7
9856,2
2185,6
9856,3
9856,16
2185,11
2185,1
9856,13
9856,8
2185,10
5083,8
1627,2
1627,3
4623,15
4623,5
4623,7
1627,6
1627,12
4623,4
5083,1
4623,9
5083,13
5119,15
5735,1
5119,5
4965,2
5735,13
4965,12
4965,3
4965,6
5119,7
5119,9
5735,8
5119,4
1124,3
1124,5
1300,13
1124,4
1300,2
1300,1
1300,12
1124,6
2495,15
1300,8
2495,16
2495,14
1124,7
3997,7
3997,3
3997,4
3997,6
3997,5
4782,2
8329,14
8329,15
4782,8
4782,13
4782,12
4782,1
8329,16
4134,8
8233,9
7267,13
8233,7
7267,10
7267,16
7267,4
7267,3
4134,1
8233,14
7267,5
7267,6
4134,2
4134,12
9817,14
8544,6
9359,8
8544,4
8544,3
8544,10
8544,13
9359,12
9817,7
9359,2
9359,1
9817,9
8544,5
8544,16
9536,11
9873,2
9536,3
9873,12
9873,8
1797,5
1797,15
9536,10
1797,7
1797,9
1797,6
9873,1
1797,4
1797,13
1797,16
457,2
8987,13
8987,15
8987,16
7528,3
8987,6
8987,10
8987,7
8987,9
7528,11
457,12
457,8
8987,4
457,1
8987,5
1713,5
3509,1
1713,13
1713,15
8230,2
1713,6
1713,12
1713,9
1713,4
1713,3
1713,8
1713,7
3509,16
8087,15
8087,12
8087,9
8087,4
8087,8
8087,5
8087,3
8087,10
8087,6
8087,16
6692,2
17,4
17,10
17,16
17,12
17,9
17,5
17,15
6692,11
6692,6
17,8
17,3
8885,6
8885,2
5200,4
5200,8
5200,15
5200,16
8885,11
5200,3
5200,12
5200,9
5200,10
5200,5
7853,15
7853,3
3906,16
2962,7
7853,10
2962,13
3906,6
2962,9
3906,8
3906,12
2962,2
3906,5
3906,1
3906,11
3906,4
2928,1
1481,3
5144,2
2928,8
5144,9
2928,12
2928,6
2928,5
2928,11
5144,13
1481,15
2928,4
5144,7
1481,10
2928,16
2464,4
1041,6
1041,13
1041,9
5660,10
2464,2
2464,7
1041,1
1041,16
5660,11
1041,8
1041,15
1041,5
5660,3
1041,12
262,10
8644,5
8644,6
8644,9
8644,13
4056,7
4056,2
8644,8
262,3
8644,15
8644,16
8644,1
4056,4
262,11
8644,12
5955,3
7161,6
5955,8
5955,10
5955,11
7161,1
7161,2
7161,7
5955,16
7161,4
5955,12
5955,13
5955,15
3501,6
8565,5
3401,1
8565,7
3501,8
3501,12
8565,9
3501,3
3401,13
8565,15
3501,16
8565,2
3501,4
3501,10
8745,16
8745,8
8745,12
6910,13
9444,2
9444,9
8745,4
6910,1
8745,3
9444,15
9444,7
8745,6
9444,5
8745,10
7981,1
7170,9
7170,15
7981,13
7170,7
5310,3
5310,6
5310,5
7981,2
5310,4
7981,12
7170,11
5310,8
5310,16
5803,7
9563,5
9563,4
9563,8
5803,15
9563,3
7346,12
7346,2
5803,9
9563,16
7346,1
9563,6
5803,11
7346,13
1578,10
8314,13
8314,2
8314,1
7770,16
1578,14
7770,6
5672,15
7770,4
7770,8
8314,12
7770,5
8314,3
1578,11
5672,9
5672,7
9864,11
4844,8
1850,2
4844,16
1850,13
9864,14
6011,9
1850,3
4844,5
1850,1
1850,12
4844,6
4844,4
9864,10
6011,15
8302,16
6742,1
5308,14
8302,9
6742,7
5308,8
6742,12
8302,3
8302,10
5308,11
6811,15
8302,13
6742,2
5308,5
8302,4
8302,6
5234,1
5354,11
8432,4
8432,6
5234,7
8432,3
5354,5
5354,8
8432,16
5234,2
8711,15
5354,14
8432,10
8432,13
5234,12
8432,9
3250,10
3250,6
3250,9
3250,8
3250,15
3250,5
3250,3
3250,16
3250,4
2938,11
4015,12
4015,3
4015,10
2938,15
4015,6
2938,5
2938,7
2938,4
4015,8
2938,9
4015,16
7956,12
7956,10
9875,5
7956,3
7956,8
9875,11
7956,6
9875,7
9875,9
9875,4
9875,15
7956,16
591,6
591,5
591,3
591,11
591,16
1345,2
1345,9
1345,4
591,12
1345,7
591,8
591,1
1345,13
591,15
591,10
7447,13
7447,9
1134,10
1134,5
1134,12
1134,3
7447,4
7447,7
1134,6
1134,15
1134,8
1134,16
1134,11
1134,1
7447,2
1463,5
1463,16
1463,8
1463,6
299,2
1463,12
5421,15
1463,11
299,7
1463,13
1463,3
299,10
299,9
1463,4
1463,1
9569,11
827,9
1486,15
9569,3
827,2
9569,4
9569,16
9569,12
9569,6
827,7
9569,1
827,10
9569,8
9569,13
9569,5
1285,1
1285,5
1285,3
1285,9
3968,13
1285,10
1285,14
1285,2
3968,11
1285,6
3968,16
3968,4
1285,7
3968,12
3968,8
5640,12
9086,8
9086,2
5640,3
5248,10
9086,6
5640,13
9086,11
9086,5
5248,9
9086,16
5248,7
9086,1
5248,15
9086,4
7729,4
7729,16
7729,6
1511,9
7729,8
1511,7
7729,2
7729,5
6756,3
6756,12
7729,1
7729,11
1511,15
6756,13
1511,10
5334,12
1700,7
1686,9
1700,6
1815,2
1686,11
5334,1
5334,8
5334,4
5334,13
1700,15
1700,5
1700,3
1700,16
6709,16
6709,15
4868,1
6709,6
4894,9
4868,4
6709,5
4868,13
6709,3
4868,12
4868,8
4894,11
2539,2
6709,7
4301,16
3341,2
786,12
4301,10
4301,7
962,9
786,1
962,5
786,15
786,8
786,4
962,11
786,3
4301,6
786,13
2080,2
8498,5
7030,6
7640,13
7640,3
7030,16
7640,8
7030,10
8498,9
7030,7
7640,15
8498,11
7640,12
7640,4
7640,1
3395,9
198,3
198,16
3395,1
7353,12
7353,4
198,7
198,10
198,6
3395,5
7353,2
7353,8
198,13
7740,6
632,12
7740,13
632,8
7867,9
7867,1
7740,10
632,4
7867,5
7740,3
7740,16
632,2
7740,7
2411,4
1237,15
1237,7
6359,8
1237,2
2411,12
1237,5
6359,1
2411,6
2411,3
6603,11
9331,16
9331,5
9331,4
9331,3
6603,9
9331,12
9331,10
6603,7
9331,8
9331,6
3720,8
1125,7
9941,14
3720,12
3720,10
9941,13
9941,2
3720,16
1125,11
3720,3
3720,6
3720,5
1125,9
3720,4
8164,2
7953,5
7953,12
7953,8
1007,6
7953,4
1007,16
7953,9
7953,13
1007,7
7953,10
7953,11
1007,3
8164,14
9112,3
6157,14
5705,5
5705,4
5705,10
5705,13
9112,16
5705,11
9112,7
9112,6
6157,2
5705,12
5705,9
5705,8
9514,11
8966,16
8966,7
9514,8
8966,13
8966,9
9514,10
4458,4
4458,12
8966,6
8966,3
8966,5
4458,1
4331,10
4331,8
7153,4
7153,1
573,16
573,6
573,13
573,3
573,9
573,5
7153,12
573,7
4331,11
7429,5
855,14
7429,3
7429,16
7429,12
7429,7
8678,9
855,6
7429,10
855,1
8678,11
855,8
855,13
855,4
3089,4
3089,1
8775,2
1816,15
3089,7
3089,3
1816,16
1816,10
1816,5
3089,8
3089,6
3089,11
3089,13
3089,12
3373,11
7430,10
3373,1
3373,8
3373,3
7430,15
3373,7
3373,6
3373,12
7430,16
3373,4
7430,5
3373,13
7298,2
7489,5
7489,15
7489,6
5333,3
3932,10
7489,4
7489,16
5333,2
5333,12
7489,7
7489,13
7489,1
7489,8
3932,14
7489,11
3932,9
2123,9
5620,7
5620,16
5620,6
5620,15
512,12
5620,8
512,2
512,3
5620,5
5620,1
2123,14
2123,10
5620,11
5620,4
5620,13
8683,1
8683,6
8683,8
4355,9
6727,11
3992,12
3992,13
8683,15
3992,5
8683,10
6727,7
3992,3
8683,2
3992,4
6727,14
3992,16
107,1
8738,11
7796,4
107,2
2313,9
107,8
7796,3
8738,14
107,10
7796,13
7796,16
7796,12
107,6
8738,7
107,15
7796,5
8443,14
8936,1
3141,10
3141,8
2132,9
8936,12
3141,15
3141,3
3141,5
8443,11
8936,16
8936,6
3141,13
8443,7
3141,2
3141,4
9414,5
763,14
9414,4
9414,13
5769,6
9414,15
9414,3
9414,2
5769,16
5769,12
763,7
8809,9
5769,1
9414,8
763,11
9414,10
6589,12
6214,11
6589,10
6214,5
6589,9
6589,4
4203,3
6214,8
6589,6
4203,16
6277,16
7861,8
1062,4
1062,10
1062,9
1062,6
6277,3
7861,5
7861,11
1062,12
6021,9
5181,12
5181,7
5181,5
5181,8
5181,11
2584,16
6021,14
5181,6
5181,10
5181,4
2584,3
2095,5
2095,12
2165,14
2095,8
1846,3
2095,11
1846,16
2095,4
2095,6
2095,10
2095,7
2165,9
9069,14
9069,8
339,9
339,12
339,7
9069,4
339,5
9069,1
9069,6
339,10
9069,11
9069,13
339,3
339,16
8921,13
1707,7
8921,8
5339,15
1707,10
8921,11
8921,6
1707,9
1707,16
1707,3
8921,4
1707,12
8921,1
8921,14
1707,5
4564,15
4387,10
8714,3
4387,1
4387,12
8714,16
8714,13
4387,7
4387,8
3481,11
4387,5
3481,6
4564,9
4387,4
